pattern,response,category
thank you very much,You're welcome! Let me know if there's anything else I can help with.,thanks
greetings,"Hello! I'm here to help with your company, employee, and security questions.",greeting
can you show me the employee list today,"I can help with company data, security checks, or employee-related questions. What would you like to do next?",follow_up
thanks today,You're welcome! Let me know if there's anything else I can help with.,thanks
what's up please,"Hello! I'm here to help with your company, employee, and security questions.",greeting
hey there!,"Hello! I'm here to help with your company, employee, and security questions.",greeting
tell me something,I'm a secure assistant trained to help with company and security-related queries. How can I assist you?,smalltalk
appreciate it for assistance,You're welcome! Let me know if there's anything else I can help with.,thanks
hey for help,"Hello! I'm here to help with your company, employee, and security questions.",greeting
what is your name for assistance,I'm a secure assistant trained to help with company and security-related queries. How can I assist you?,smalltalk
afternoon,"Hello! I'm here to help with your company, employee, and security questions.",greeting
what can you do?,I'm a secure assistant trained to help with company and security-related queries. How can I assist you?,smalltalk
good morning for assistance,"Hello! I'm here to help with your company, employee, and security questions.",greeting
i need help with my department?,"I can help with company data, security checks, or employee-related questions. What would you like to do next?",follow_up
thank you very much for help,You're welcome! Let me know if there's anything else I can help with.,thanks
what are the latest threats!,"I can help with company data, security checks, or employee-related questions. What would you like to do next?",follow_up
can you show me the employee list?,"I can help with company data, security checks, or employee-related questions. What would you like to do next?",follow_up
afternoon for assistance,"Hello! I'm here to help with your company, employee, and security questions.",greeting
i need help with security,"I can help with company data, security checks, or employee-related questions. What would you like to do next?",follow_up
thanks for that for assistance,You're welcome! Let me know if there's anything else I can help with.,thanks
hello there!,"Hello! I'm here to help with your company, employee, and security questions.",greeting
what's up?,"Hello! I'm here to help with your company, employee, and security questions.",greeting
hello!,"Hello! I'm here to help with your company, employee, and security questions.",greeting
morning!,"Hello! I'm here to help with your company, employee, and security questions.",greeting
hello there,"Hello! I'm here to help with your company, employee, and security questions.",greeting
good afternoon for help,"Hello! I'm here to help with your company, employee, and security questions.",greeting
good afternoon!,"Hello! I'm here to help with your company, employee, and security questions.",greeting
what is your name!,I'm a secure assistant trained to help with company and security-related queries. How can I assist you?,smalltalk
how is it going please,I'm a secure assistant trained to help with company and security-related queries. How can I assist you?,smalltalk
tell me something today,I'm a secure assistant trained to help with company and security-related queries. How can I assist you?,smalltalk
appreciate it!,You're welcome! Let me know if there's anything else I can help with.,thanks
what do you know for assistance,I'm a secure assistant trained to help with company and security-related queries. How can I assist you?,smalltalk
hey please,"Hello! I'm here to help with your company, employee, and security questions.",greeting
good evening today,"Hello! I'm here to help with your company, employee, and security questions.",greeting
hey there,"Hello! I'm here to help with your company, employee, and security questions.",greeting
good afternoon,"Hello! I'm here to help with your company, employee, and security questions.",greeting
tell me about the company today,"I can help with company data, security checks, or employee-related questions. What would you like to do next?",follow_up
what's up,"Hello! I'm here to help with your company, employee, and security questions.",greeting
hello there for assistance,"Hello! I'm here to help with your company, employee, and security questions.",greeting
hi there?,"Hello! I'm here to help with your company, employee, and security questions.",greeting
afternoon today,"Hello! I'm here to help with your company, employee, and security questions.",greeting
hey?,"Hello! I'm here to help with your company, employee, and security questions.",greeting
thanks a lot please,You're welcome! Let me know if there's anything else I can help with.,thanks
hello there today,"Hello! I'm here to help with your company, employee, and security questions.",greeting
tell me something!,I'm a secure assistant trained to help with company and security-related queries. How can I assist you?,smalltalk
how are you doing for help,I'm a secure assistant trained to help with company and security-related queries. How can I assist you?,smalltalk
nice to meet you?,"Hello! I'm here to help with your company, employee, and security questions.",greeting
thanks a lot?,You're welcome! Let me know if there's anything else I can help with.,thanks
what is the company status please,"I can help with company data, security checks, or employee-related questions. What would you like to do next?",follow_up
what is the company status?,"I can help with company data, security checks, or employee-related questions. What would you like to do next?",follow_up
greetings for help,"Hello! I'm here to help with your company, employee, and security questions.",greeting
can you show me the employee list,"I can help with company data, security checks, or employee-related questions. What would you like to do next?",follow_up
thanks for your help!,You're welcome! Let me know if there's anything else I can help with.,thanks
thanks,You're welcome! Let me know if there's anything else I can help with.,thanks
hey there today,"Hello! I'm here to help with your company, employee, and security questions.",greeting
thanks a lot for assistance,You're welcome! Let me know if there's anything else I can help with.,thanks
thanks for that?,You're welcome! Let me know if there's anything else I can help with.,thanks
evening?,"Hello! I'm here to help with your company, employee, and security questions.",greeting
tell me something for help,I'm a secure assistant trained to help with company and security-related queries. How can I assist you?,smalltalk
how are you today,"Hello! I'm here to help with your company, employee, and security questions.",greeting
thanks please,You're welcome! Let me know if there's anything else I can help with.,thanks
are you there?,I'm a secure assistant trained to help with company and security-related queries. How can I assist you?,smalltalk
what can you do!,I'm a secure assistant trained to help with company and security-related queries. How can I assist you?,smalltalk
morning please,"Hello! I'm here to help with your company, employee, and security questions.",greeting
what is the company status!,"I can help with company data, security checks, or employee-related questions. What would you like to do next?",follow_up
thank you very much please,You're welcome! Let me know if there's anything else I can help with.,thanks
thanks a lot today,You're welcome! Let me know if there's anything else I can help with.,thanks
what do you know,I'm a secure assistant trained to help with company and security-related queries. How can I assist you?,smalltalk
i need help with my department for assistance,"I can help with company data, security checks, or employee-related questions. What would you like to do next?",follow_up
i need help with security today,"I can help with company data, security checks, or employee-related questions. What would you like to do next?",follow_up
what can you do please,I'm a secure assistant trained to help with company and security-related queries. How can I assist you?,smalltalk
i need help with my department,"I can help with company data, security checks, or employee-related questions. What would you like to do next?",follow_up
i need help with security!,"I can help with company data, security checks, or employee-related questions. What would you like to do next?",follow_up
what do you know!,I'm a secure assistant trained to help with company and security-related queries. How can I assist you?,smalltalk
morning today,"Hello! I'm here to help with your company, employee, and security questions.",greeting
show me the employee data!,"I can help with company data, security checks, or employee-related questions. What would you like to do next?",follow_up
how are you doing?,I'm a secure assistant trained to help with company and security-related queries. How can I assist you?,smalltalk
hey there?,"Hello! I'm here to help with your company, employee, and security questions.",greeting
hey there for help,"Hello! I'm here to help with your company, employee, and security questions.",greeting
good afternoon?,"Hello! I'm here to help with your company, employee, and security questions.",greeting
hello,"Hello! I'm here to help with your company, employee, and security questions.",greeting
thanks for your help today,You're welcome! Let me know if there's anything else I can help with.,thanks
what do you know please,I'm a secure assistant trained to help with company and security-related queries. How can I assist you?,smalltalk
what's up!,"Hello! I'm here to help with your company, employee, and security questions.",greeting
what's up today,"Hello! I'm here to help with your company, employee, and security questions.",greeting
hi there for assistance,"Hello! I'm here to help with your company, employee, and security questions.",greeting
can you show me the employee list please,"I can help with company data, security checks, or employee-related questions. What would you like to do next?",follow_up
greetings today,"Hello! I'm here to help with your company, employee, and security questions.",greeting
thanks for that!,You're welcome! Let me know if there's anything else I can help with.,thanks
hi!,"Hello! I'm here to help with your company, employee, and security questions.",greeting
hi today,"Hello! I'm here to help with your company, employee, and security questions.",greeting
can you help for assistance,I'm a secure assistant trained to help with company and security-related queries. How can I assist you?,smalltalk
afternoon for help,"Hello! I'm here to help with your company, employee, and security questions.",greeting
what is the security status today,"I can help with company data, security checks, or employee-related questions. What would you like to do next?",follow_up
hi for assistance,"Hello! I'm here to help with your company, employee, and security questions.",greeting
nice to meet you for help,"Hello! I'm here to help with your company, employee, and security questions.",greeting
hey,"Hello! I'm here to help with your company, employee, and security questions.",greeting
good day,"Hello! I'm here to help with your company, employee, and security questions.",greeting
i need help with security please,"I can help with company data, security checks, or employee-related questions. What would you like to do next?",follow_up
what is the company status,"I can help with company data, security checks, or employee-related questions. What would you like to do next?",follow_up
morning?,"Hello! I'm here to help with your company, employee, and security questions.",greeting
can you show me the employee list for help,"I can help with company data, security checks, or employee-related questions. What would you like to do next?",follow_up
how are you doing today,I'm a secure assistant trained to help with company and security-related queries. How can I assist you?,smalltalk
i need help with my department please,"I can help with company data, security checks, or employee-related questions. What would you like to do next?",follow_up
are you there for help,I'm a secure assistant trained to help with company and security-related queries. How can I assist you?,smalltalk
appreciate it,You're welcome! Let me know if there's anything else I can help with.,thanks
thank you,You're welcome! Let me know if there's anything else I can help with.,thanks
thanks for your help,You're welcome! Let me know if there's anything else I can help with.,thanks
tell me something?,I'm a secure assistant trained to help with company and security-related queries. How can I assist you?,smalltalk
can you assist me please,I'm a secure assistant trained to help with company and security-related queries. How can I assist you?,smalltalk
thanks a lot!,You're welcome! Let me know if there's anything else I can help with.,thanks
what are the latest threats for assistance,"I can help with company data, security checks, or employee-related questions. What would you like to do next?",follow_up
thank you today,You're welcome! Let me know if there's anything else I can help with.,thanks
how are things for help,I'm a secure assistant trained to help with company and security-related queries. How can I assist you?,smalltalk
can you show me the employee list for assistance,"I can help with company data, security checks, or employee-related questions. What would you like to do next?",follow_up
nice to meet you!,"Hello! I'm here to help with your company, employee, and security questions.",greeting
tell me something for assistance,I'm a secure assistant trained to help with company and security-related queries. How can I assist you?,smalltalk
hello?,"Hello! I'm here to help with your company, employee, and security questions.",greeting
how are things please,I'm a secure assistant trained to help with company and security-related queries. How can I assist you?,smalltalk
nice to meet you for assistance,"Hello! I'm here to help with your company, employee, and security questions.",greeting
how are you doing!,I'm a secure assistant trained to help with company and security-related queries. How can I assist you?,smalltalk
what is your name please,I'm a secure assistant trained to help with company and security-related queries. How can I assist you?,smalltalk
show me the employee data,"I can help with company data, security checks, or employee-related questions. What would you like to do next?",follow_up
what's up for assistance,"Hello! I'm here to help with your company, employee, and security questions.",greeting
can you assist me?,I'm a secure assistant trained to help with company and security-related queries. How can I assist you?,smalltalk
tell me about the company for assistance,"I can help with company data, security checks, or employee-related questions. What would you like to do next?",follow_up
what are the latest threats today,"I can help with company data, security checks, or employee-related questions. What would you like to do next?",follow_up
good morning for help,"Hello! I'm here to help with your company, employee, and security questions.",greeting
hello for assistance,"Hello! I'm here to help with your company, employee, and security questions.",greeting
what is the security status for help,"I can help with company data, security checks, or employee-related questions. What would you like to do next?",follow_up
show me the employee data please,"I can help with company data, security checks, or employee-related questions. What would you like to do next?",follow_up
thank you!,You're welcome! Let me know if there's anything else I can help with.,thanks
what do you know today,I'm a secure assistant trained to help with company and security-related queries. How can I assist you?,smalltalk
are you there,I'm a secure assistant trained to help with company and security-related queries. How can I assist you?,smalltalk
how are you doing for assistance,I'm a secure assistant trained to help with company and security-related queries. How can I assist you?,smalltalk
thanks for your help for help,You're welcome! Let me know if there's anything else I can help with.,thanks
what's up for help,"Hello! I'm here to help with your company, employee, and security questions.",greeting
tell me about the company please,"I can help with company data, security checks, or employee-related questions. What would you like to do next?",follow_up
tell me about the company!,"I can help with company data, security checks, or employee-related questions. What would you like to do next?",follow_up
i need help with my department today,"I can help with company data, security checks, or employee-related questions. What would you like to do next?",follow_up
thanks?,You're welcome! Let me know if there's anything else I can help with.,thanks
i need help with security for help,"I can help with company data, security checks, or employee-related questions. What would you like to do next?",follow_up
hey for assistance,"Hello! I'm here to help with your company, employee, and security questions.",greeting
thanks for your help?,You're welcome! Let me know if there's anything else I can help with.,thanks
what is the security status for assistance,"I can help with company data, security checks, or employee-related questions. What would you like to do next?",follow_up
what is the company status for help,"I can help with company data, security checks, or employee-related questions. What would you like to do next?",follow_up
thank you very much?,You're welcome! Let me know if there's anything else I can help with.,thanks
what can you do,I'm a secure assistant trained to help with company and security-related queries. How can I assist you?,smalltalk
good afternoon for assistance,"Hello! I'm here to help with your company, employee, and security questions.",greeting
how are you!,"Hello! I'm here to help with your company, employee, and security questions.",greeting
good evening for help,"Hello! I'm here to help with your company, employee, and security questions.",greeting
evening today,"Hello! I'm here to help with your company, employee, and security questions.",greeting
can you help?,I'm a secure assistant trained to help with company and security-related queries. How can I assist you?,smalltalk
thank you?,You're welcome! Let me know if there's anything else I can help with.,thanks
how is it going,I'm a secure assistant trained to help with company and security-related queries. How can I assist you?,smalltalk
good morning please,"Hello! I'm here to help with your company, employee, and security questions.",greeting
can you help for help,I'm a secure assistant trained to help with company and security-related queries. How can I assist you?,smalltalk
what do you know?,I'm a secure assistant trained to help with company and security-related queries. How can I assist you?,smalltalk
how are things!,I'm a secure assistant trained to help with company and security-related queries. How can I assist you?,smalltalk
can you assist me today,I'm a secure assistant trained to help with company and security-related queries. How can I assist you?,smalltalk
thanks a lot,You're welcome! Let me know if there's anything else I can help with.,thanks
afternoon!,"Hello! I'm here to help with your company, employee, and security questions.",greeting
evening,"Hello! I'm here to help with your company, employee, and security questions.",greeting
thanks for assistance,You're welcome! Let me know if there's anything else I can help with.,thanks
how are you for assistance,"Hello! I'm here to help with your company, employee, and security questions.",greeting
what is the security status,"I can help with company data, security checks, or employee-related questions. What would you like to do next?",follow_up
i need help with security?,"I can help with company data, security checks, or employee-related questions. What would you like to do next?",follow_up
what is the company status today,"I can help with company data, security checks, or employee-related questions. What would you like to do next?",follow_up
what can you do for assistance,I'm a secure assistant trained to help with company and security-related queries. How can I assist you?,smalltalk
can you help today,I'm a secure assistant trained to help with company and security-related queries. How can I assist you?,smalltalk
good evening!,"Hello! I'm here to help with your company, employee, and security questions.",greeting
show me the employee data?,"I can help with company data, security checks, or employee-related questions. What would you like to do next?",follow_up
hi there please,"Hello! I'm here to help with your company, employee, and security questions.",greeting
evening!,"Hello! I'm here to help with your company, employee, and security questions.",greeting
can you help,I'm a secure assistant trained to help with company and security-related queries. How can I assist you?,smalltalk
morning for assistance,"Hello! I'm here to help with your company, employee, and security questions.",greeting
greetings please,"Hello! I'm here to help with your company, employee, and security questions.",greeting
what are the latest threats please,"I can help with company data, security checks, or employee-related questions. What would you like to do next?",follow_up
hi please,"Hello! I'm here to help with your company, employee, and security questions.",greeting
thank you please,You're welcome! Let me know if there's anything else I can help with.,thanks
good morning?,"Hello! I'm here to help with your company, employee, and security questions.",greeting
how is it going!,I'm a secure assistant trained to help with company and security-related queries. How can I assist you?,smalltalk
how are things for assistance,I'm a secure assistant trained to help with company and security-related queries. How can I assist you?,smalltalk
good evening for assistance,"Hello! I'm here to help with your company, employee, and security questions.",greeting
what are the latest threats,"I can help with company data, security checks, or employee-related questions. What would you like to do next?",follow_up
show me the employee data for help,"I can help with company data, security checks, or employee-related questions. What would you like to do next?",follow_up
greetings?,"Hello! I'm here to help with your company, employee, and security questions.",greeting
good morning!,"Hello! I'm here to help with your company, employee, and security questions.",greeting
greetings!,"Hello! I'm here to help with your company, employee, and security questions.",greeting
what is your name for help,I'm a secure assistant trained to help with company and security-related queries. How can I assist you?,smalltalk
thank you very much today,You're welcome! Let me know if there's anything else I can help with.,thanks
how are you for help,"Hello! I'm here to help with your company, employee, and security questions.",greeting
hi there today,"Hello! I'm here to help with your company, employee, and security questions.",greeting
what is the security status?,"I can help with company data, security checks, or employee-related questions. What would you like to do next?",follow_up
nice to meet you today,"Hello! I'm here to help with your company, employee, and security questions.",greeting
what is the company status for assistance,"I can help with company data, security checks, or employee-related questions. What would you like to do next?",follow_up
hi for help,"Hello! I'm here to help with your company, employee, and security questions.",greeting
hello there?,"Hello! I'm here to help with your company, employee, and security questions.",greeting
good day?,"Hello! I'm here to help with your company, employee, and security questions.",greeting
good evening,"Hello! I'm here to help with your company, employee, and security questions.",greeting
